image_name,decoded_qr
qr_0.png,tPvxxSBIJcm8FcntcCrR
qr_1.png,9knrtTbR8qNjAe9vubp2
qr_10.png,3E1VBDiYBT5sAJXfNYkb
qr_11.png,5X3vQkg9fleryyBrNMLV
qr_12.png,d85wu7jxEqykwmmUUyWo
qr_13.png,MY11G24Eq00c88lH98rj
qr_14.png,lL6Cxw2LiFyMBrn3rVB6
qr_15.png,Kx4PosurLQB8r0NbYdQV
qr_16.png,kxdx80cUbA8DC2QH2OyR
qr_17.png,gHWD5YtrKsRY6I2XDuSB
qr_18.png,VkNiaRqJDm0srIKLu4qM
qr_19.png,8N7FMIpAl8qeSRoqRF5e
qr_2.png,cqxUaY3nmYF50zQzOy4Y
qr_20.png,k8YbdbjIFobLS3DrX5J7
qr_21.png,f2kuPs5sLHOpjqGUXuiJ
qr_22.png,6Wg5s9WrmAjMejCh7Ntb
qr_23.png,7rqvIu8OpgotyOfinfBF
qr_24.png,LJJbED25nW1UZxEQZqI8
qr_25.png,R6g2mJAGJQMEZsR4Lng9
qr_26.png,rHUiwEk6UwM94zn3hzO0
qr_27.png,APkwx8WVAuGY3aOC13MX
qr_28.png,wTUTk5bLdVTHTIGgVRaY
qr_29.png,kw36kjO7d4s18ndThhVs
qr_3.png,rqBOkBb9ChqE3jzTaJCl
qr_30.png,k3KzrqZpaREn4DLRH4ad
qr_31.png,ftPTn1GAxYWyo0EII5gL
qr_32.png,IVFcEasYG27j3WAHXAg6
qr_33.png,FS0FLYlYrC5lqQ42u4f4
qr_34.png,9ph5vvFHZ4sZI9rNKVV8
qr_35.png,VsfsQgVOKgOOPM3dhqEW
qr_36.png,KzKPls65Rx1i7VFMr3Np
qr_37.png,NtypwjeVGY5wEm8zKafm
qr_38.png,iwPyEmIfX0XDmzlRalU2
qr_39.png,1fNL5LmEYgwPfBrqaTtq
qr_4.png,Ddtibl3GVUwW6Tt52npJ
qr_40.png,RczUa08D5IUKGLlt8jUx
qr_41.png,CKwWStLBOrNFiP64tQ6C
qr_42.png,aZHDHatbOEcs3QPL406V
qr_43.png,7ZKuKnnB05faKEbZoh9o
qr_44.png,UoMTUNDZlFpsr7cnG8Gk
qr_45.png,JnbOXhmE3aMbmzDNUb7D
qr_46.png,s89srDdn70Y0vKmoqQX9
qr_47.png,Ez8PExO6SnjPGQ5xwEE5
qr_48.png,48lTSE0IDB5OXhiKapZN
qr_49.png,kgGTb3aiXjwd0ULBO6KT
qr_5.png,X713eMTOwX7Se3Zqlrel
qr_6.png,fBfC9IKqPlYZWQTV33hz
qr_7.png,U1Ce08W0tZcszhrW5bnm
qr_8.png,C0ydyVyxu0P1I4MbnW0y
qr_9.png,gtOXgmBPmJxRe67S3U2w
